USE renseignement;
INSERT INTO `Etudiant` (`nomEtudiant`, `prenomEtudiant`, `telEtudiant`, `mdpEtudiant`, `dateNaissanceEtudiant`, `villeAdrEtudiant`, `numAdrEtudiant`, `codePostalAdrEtudiant`, `libAdrEtudiant`, `dateArriveeEtudiant`, `pseudoEtudiant`) VALUES
('MARQUES','Yohan','0624859002','$2y$10$jaa7NnbdBhEuL5hMLGMbteg.KXzsep5/VCVs.Ql9DZj/SYZ45jHdG', '2001-01-11','Toulouse','35','31400','impasse de la baraquette','2020-09-03', 'MY500483'),
('AKENDENGUE','Pierre-Honore','0668937013','$2y$10$jaa7NnbdBhEuL5hMLGMbteg.KXzsep5/VCVs.Ql9DZj/SYZ45jHdG', '2001-08-18','Toulouse',NULL,NULL,NULL,'2020-09-03', 'ph'),
('BOURGADE','Julien','0643105584','$2y$10$jaa7NnbdBhEuL5hMLGMbteg.KXzsep5/VCVs.Ql9DZj/SYZ45jHdG', '2001-03-28','Toulouse',NULL,NULL,NULL,'2020-09-03', 'jb'),
('BROTO','Jules','0695370215','$2y$10$jaa7NnbdBhEuL5hMLGMbteg.KXzsep5/VCVs.Ql9DZj/SYZ45jHdG', '2002-03-12','Toulouse',NULL,NULL,NULL,'2020-09-03', 'jbr'),
('BERTRAND','Loïc','0682778747','$2y$10$jaa7NnbdBhEuL5hMLGMbteg.KXzsep5/VCVs.Ql9DZj/SYZ45jHdG', '2002-06-12','Toulouse',NULL,NULL,NULL,'2020-09-03', 'lb'),
('BONNET','Gwénaël','0604161969','$2y$10$jaa7NnbdBhEuL5hMLGMbteg.KXzsep5/VCVs.Ql9DZj/SYZ45jHdG', '2002-10-15','Toulouse',NULL,NULL,NULL,'2020-09-03', 'gb'),
('CARLES','Adrien','0681751583','$2y$10$jaa7NnbdBhEuL5hMLGMbteg.KXzsep5/VCVs.Ql9DZj/SYZ45jHdG', '1998-02-17','Toulouse',NULL,NULL,NULL,'2020-09-03', 'ac'),
('CAZALS','Romain','0781743672','$2y$10$jaa7NnbdBhEuL5hMLGMbteg.KXzsep5/VCVs.Ql9DZj/SYZ45jHdG', '2002-08-27','Toulouse',NULL,NULL,NULL,'2020-09-03', 'rc'),
('CORRIER','Adrien','0695632848','$2y$10$jaa7NnbdBhEuL5hMLGMbteg.KXzsep5/VCVs.Ql9DZj/SYZ45jHdG', '2001-09-14','Toulouse',NULL,NULL,NULL,'2020-09-03', 'adc'),
('DUTERTRE','Damien','0661185028','$2y$10$jaa7NnbdBhEuL5hMLGMbteg.KXzsep5/VCVs.Ql9DZj/SYZ45jHdG', '2001-03-08','Toulouse',NULL,NULL,NULL,'2020-09-03', 'dd'),
('GOEPFERT','James','0645372778','$2y$10$jaa7NnbdBhEuL5hMLGMbteg.KXzsep5/VCVs.Ql9DZj/SYZ45jHdG', '2000-05-27','Toulouse',NULL,NULL,NULL,'2020-09-03', 'jg'),
('LAVEDAN','Hugo','0781634567','$2y$10$jaa7NnbdBhEuL5hMLGMbteg.KXzsep5/VCVs.Ql9DZj/SYZ45jHdG', '2002-09-20','Toulouse',NULL,NULL,NULL,'2020-09-03', 'hl'),
('MAGALHAES CARDOSO','Leonel','0750471205','$2y$10$jaa7NnbdBhEuL5hMLGMbteg.KXzsep5/VCVs.Ql9DZj/SYZ45jHdG', '2001-11-14','Toulouse',NULL,NULL,NULL,'2020-09-03', 'mcl'),
('MONTEIL','Achille','0781706046','$2y$10$jaa7NnbdBhEuL5hMLGMbteg.KXzsep5/VCVs.Ql9DZj/SYZ45jHdG', '2002-02-22','Toulouse',NULL,NULL,NULL,'2020-09-03', 'am'),
('OLIVIER','Lucile','0781538442','$2y$10$jaa7NnbdBhEuL5hMLGMbteg.KXzsep5/VCVs.Ql9DZj/SYZ45jHdG', '2002-08-12','Toulouse',NULL,NULL,NULL,'2020-09-03', 'ol'),
('PEYRARD','David','0641326462','$2y$10$jaa7NnbdBhEuL5hMLGMbteg.KXzsep5/VCVs.Ql9DZj/SYZ45jHdG', '2001-01-08','Toulouse',NULL,NULL,NULL,'2020-09-03', 'dp'),
('QUINTERO','Agustin','0615614135','$2y$10$jaa7NnbdBhEuL5hMLGMbteg.KXzsep5/VCVs.Ql9DZj/SYZ45jHdG', '1998-08-31','Toulouse',NULL,NULL,NULL,'2020-09-03', 'aq'),
('SABATIER','Marylia','0782007284','$2y$10$jaa7NnbdBhEuL5hMLGMbteg.KXzsep5/VCVs.Ql9DZj/SYZ45jHdG', '2002-09-29','Toulouse',NULL,NULL,NULL,'2020-09-03', 'ms'),
('SAMATHY','Bryan','0785563324','$2y$10$jaa7NnbdBhEuL5hMLGMbteg.KXzsep5/VCVs.Ql9DZj/SYZ45jHdG', '2001-01-16','Toulouse',NULL,NULL,NULL,'2020-09-03', 'bs'),
('TORIJA','Clément','0665426334','$2y$10$jaa7NnbdBhEuL5hMLGMbteg.KXzsep5/VCVs.Ql9DZj/SYZ45jHdG', '2001-11-13','Toulouse',NULL,NULL,NULL,'2020-09-03', 'ct'),
('TURPIN','Romain','0748540745','$2y$10$jaa7NnbdBhEuL5hMLGMbteg.KXzsep5/VCVs.Ql9DZj/SYZ45jHdG', '2002-03-12','Toulouse',NULL,NULL,NULL,'2020-09-03', 'rt'),
('ZANCHI','Thomas','0783193074','$2y$10$jaa7NnbdBhEuL5hMLGMbteg.KXzsep5/VCVs.Ql9DZj/SYZ45jHdG', '2002-04-17','Toulouse',NULL,NULL,NULL,'2020-09-03', 'ct'),
('ZAYAT','Stéphane','0669624480','$2y$10$jaa7NnbdBhEuL5hMLGMbteg.KXzsep5/VCVs.Ql9DZj/SYZ45jHdG', '2002-10-25','Toulouse',NULL,NULL,NULL,'2020-09-03', 'ct');

INSERT INTO `Prof` (`idProf`,`nomProf`, `prenomProf`, `mdpProf`, `telProf`, `mailProf`, `pseudoProf`) VALUES
('1','PUEL','Christophe','$2y$10$jaa7NnbdBhEuL5hMLGMbteg.KXzsep5/VCVs.Ql9DZj/SYZ45jHdG','0661264523','christophe.puel@limayrac.fr', 'cpuel'),
('2','RAMIARA','Jean-François','$2y$10$jaa7NnbdBhEuL5hMLGMbteg.KXzsep5/VCVs.Ql9DZj/SYZ45jHdG','0666574264','jeanfrancois.ramiara@limayrac.fr', 'jframiara'),
('3','MEDA','Chantal','$2y$10$jaa7NnbdBhEuL5hMLGMbteg.KXzsep5/VCVs.Ql9DZj/SYZ45jHdG','0665616380','chantal.meda@limayrac.fr', 'cmeda');

INSERT INTO `Entreprise` (`idEnt`,`nomEnt`, `missionEnt`, `numAdrEnt`, `libAdrEnt`, `codePostalEnt`, `villeAdrEnt`, `telephoneEnt`, `mailEnt`, `siretEnt`) VALUES
('1','Human up Consulting', NULL, '24', 'Rue leon gambetta', '31000', 'Toulouse', NULL, NULL, '85354911914'),
('2','HORUS SOLUTIONS', NULL, ' ', ' Delta poste', NULL, 'LIBREVILLE (GABON)', NULL, NULL, NULL),
('3','MGEN TECHNOLOGIES', NULL, '4', 'Rue du Bois de la Sivrite', '54500', 'VANDOUEVRE LES NANCY', NULL, NULL, '44052901400027'),
('4','COMMUNAUTE DES COMMUNES REGION LEZIGNANAISE', NULL, '48', 'Avenue Charles Cros', '11200', 'VLEZIGNAN CORBIERES', NULL, NULL, '20003586300014'),
('5','COLLEGE PIERRE SUC', NULL, NULL, 'Avenue Rhin et Danube', '81370', 'SAINT SULPICE', NULL, NULL, '19810041400012'),
('6','DSIN', NULL, '248', 'Route de Grenade', '31700', 'Blagnac', NULL, NULL, '39899727000044'),
('7','INRAE - UMR AGIR', NULL, '24', 'Chemin de Borde Rouge', '31320', 'Auzeville-Tolosane', NULL, NULL, '18007003901134'),
('8','SARL TIRIA', NULL, '36', 'Avenue Charles de Gaulle', '32600', 'L isle-Jourdain', NULL, NULL, '50523519200042'),
('9','OFFICE NOTARIAL DE MAITRE PAMBO', NULL, '51', 'Avenue de Toulouse', '31240', 'L Union', NULL, NULL, NULL),
('10','ADISTA', NULL, '50', 'Rue Jean Bart Technoparc 6', '31670', 'Labège', NULL, NULL, NULL),
('11','SASU INVIS ART', NULL, '1', 'Avenue Gustve Eiffel', '11100', 'Narbonne', NULL, NULL, NULL),
('12','PIXBULL', NULL, '24', 'Avenue du Grand Tétras', '31860', 'Labarthe-sur-Leze', NULL, NULL, NULL),
('13','DIRECTION DES SYSTEMES D INFORMATION', NULL, '34 Ter', 'Rue Pasteur', '31700', 'Blagnac', NULL, NULL, '50523519200042'),
('14','GROUPE ICAM', NULL, '53', 'Rue de la Boëtie', '75008', 'Paris', NULL, NULL, NULL),
('15','VICE RECTORAT DE WALLIS ET FUTUNA', NULL, 'BP 244', 'Mata Utu', '98600', 'UVEA Wallis et Futuna', NULL, NULL, NULL),
('16','CRIC ASSOCIATION FORMATION', NULL, '19', 'place de la Croix de Pierre', '31076', 'Toulouse', NULL, NULL, NULL),
('17','ANRAS DITEP ST FRANCOIS', NULL, '36', 'Avenue Maurice Bourges Maunoury', '31200', 'Toulouse', NULL, NULL, NULL),
('18','CONSEIL DEPARTEMENTAL DU TARN ET GARONNE', NULL, '100', 'Boulevard Hubert Gouze', '82013', 'Montauban', NULL, NULL, NULL),
('19','CS GROUP', NULL, '5', 'rue Brindejonc des Moulinais Parc de la Grande Plaine', '31506', 'Toulouse', NULL, NULL, NULL),
('20','EXM COMPAGNY', NULL, '116', 'Route d Espagne BAL 513 - HELIOS 7', '31100', 'Toulouse', NULL, NULL, NULL),
('21','INP ENSIACET', NULL, '4', 'rue Emile Monso', '31030', 'Toulouse', NULL, NULL, NULL),
('22','DODIN CAMPENON BERNARD', NULL, '20', 'Chemin de la Flambère', '31026', 'Toulouse', NULL, NULL, NULL),
('23','ECOLE NATIONALE DE L AVIATION CIVILE', NULL, '7', 'avenue Edouard Belin BP 54005', '31055', 'Toulouse', NULL, NULL, NULL),
('24','LRSV-UMR5546', NULL, '24', 'chemin de Borde Rouge', '31326', 'Castanet', NULL, NULL, NULL),
('25','ENSEMBLE SCOLAIRE ST JOSEPH LA SALLE', NULL, '85', 'Rue de Limayrac', '31079', 'Toulouse', NULL, NULL, NULL);

INSERT INTO anneescolaire(`idAnneeScolaire`,`libAnneeScolaire`) VALUES
('1','2018/2019'),
('2','2019/2020'),
('3','2020/2021'),
('4','2021/2022');

INSERT INTO `contact` (`nomContact`, `prenomContact`, `telContact`, `mailContact`, `fct_contact`, `is_gerant`, `idEnt`) VALUES 
('Tamallah', 'Sabrina', '0622674467', 'sabrina@humanupconsulting.fr', 'Gérante', 'Oui', '1'),
('De Cruzel', 'Gilles', NULL, 'gillesdecruzel@horus-solutions.org', 'CTO', 'Non', '2'),
('Veitmann', 'Jonathan', '0383595234', 'joveitmann@mgen.fr', 'Responsable de service', 'Non', '3'),
('Bizoh', 'Remi', '0468270335', 'remi.bizot@ccrlcm.fr', 'Chargé(e) de communication', 'Non', '4'),
('Marre', 'Edith', '0563402001', 'edith.marre@ac-toulouse.fr', 'Chef d Etablissement du Collège', 'Oui', '5'),
('Chamayou', NULL, '0561717230', 'm.chamayou@mairie-blagnac.fr', 'DSI', 'Non', '6'),
('Baudet', 'Denis', '0561285385', 'denis.baudet@inrae.fr', 'Informaticien', 'Non', '7'),
('Delaville', 'Thibault', '0562662806', 'thibault.delaville@tiria.fr', 'Développeur', 'Non', '8'),
('Monducci', 'Nicolas', '0628255460', NULL, 'Professeur de Technologie', 'Non', '5'),
('Porta', NULL, NULL, 'PORTA@SAINTJOSEPHTOULOUSE.ORG', 'Responsable Moyens Généraux', 'Non', '25'),
('Gohory', 'Xavier', '0562174166', 'xavier.gohory-esct@enac.fr', 'Chef de production', 'Non', '23'),
('Giral', 'Florian', '0652640916', 'florian.giral@invisiart.fr', 'Responsable SI', 'Non', '11'),
('Bichet', 'Thierry', '0630386271', 'thierry.bichet@csgroup.eu', 'Administrateur Systèmes', 'Non', '19'),
('Galant', 'Sylvain', '05 61007989', 'sylvain.galant@company.com', 'Infographiste - Développeur', 'Non', '20'),
('BONHOMME', 'Olivier', NULL, 'ce.dsi@ac-wf.wf', 'DSI', 'Non', '15')










